<?xml version="1.0" encoding="UTF-8" ?>
<Configuration status="INFO">

    <Appenders>
        <Console name="Console" target="SYSTEM_OUT">
            <PatternLayout pattern="%d{yyyy-MM-dd HH:mm:ss} [%-5p] %c{1}:%L - %m%n"/>
            <LevelRangeFilter minLevel="OFF" maxLevel="ALL" onMatch="ACCEPT" onMismatch="DENY"/>
        </Console>
    </Appenders>

    <Loggers>
        <Root level="debug">
            <AppenderRef ref="Console" level="debug"/>
        </Root>
    </Loggers>
</Configuration>


